url	company	role
https://job-boards.eu.greenhouse.io/parloa/jobs/4843556101	Parloa	Software Engineer, GTM
https://job-boards.eu.greenhouse.io/parloa/jobs/4824273101	Parloa	Staff/Principal Software Engineer
https://boards.greenhouse.io/faire/jobs/8437749002?gh_jid=8437749002	Faire	Backend Engineer
https://boards.greenhouse.io/faire/jobs/8532124002?gh_jid=8532124002	Faire	Senior Fullstack Ads Engineer
https://boards.greenhouse.io/faire/jobs/8465041002?gh_jid=8465041002	Faire	Senior Growth Platform Engineer
https://boards.greenhouse.io/faire/jobs/8523771002?gh_jid=8523771002	Faire	Staff Backend Engineer - Search FX (Discovery Experience)
https://jobs.ashbyhq.com/vapi/d270d613-30b8-4fdc-96e0-514993ca7a82	Vapi	Member of Technical Staff, Backend
https://jobs.ashbyhq.com/vapi/295f5269-1bb5-4740-81fa-9716adc32ad5	Vapi	Member of Technical Staff, Infrastructure
https://jobs.ashbyhq.com/vapi/8c4b886d-da0a-4895-b025-83e35a3ce756	Vapi	Member of Technical Staff, Product
https://jobs.ashbyhq.com/deepgram/68372d7d-b7a9-439e-a0a7-76690576aba4	Deepgram	Software Engineer - Deepgram for Restaurants
https://jobs.ashbyhq.com/deepgram/7c7064bb-2bf0-4f64-81cc-14afe79a15c1	Deepgram	Backend Software Engineer - Engine Team (Voice Agent)
https://jobs.ashbyhq.com/deepgram/4a873ede-8555-42ae-9ddc-ac89afdd7278	Deepgram	Software Engineer, Voice Agents / AI - Deepgram for Restaurants
https://jobs.ashbyhq.com/deepgram/378e83b4-28c0-4b4e-8cf0-9355712bd06d	Deepgram	Billing & Analytics Software Engineer
https://job-boards.eu.greenhouse.io/polyai/jobs/4658649101	PolyAI	Senior Full Stack Engineer  (Must be based in UK)
https://job-boards.eu.greenhouse.io/polyai/jobs/4853250101	PolyAI	Senior Platform Software Engineer
https://job-boards.greenhouse.io/humeai/jobs/5064248008	Hume AI	Senior Platform Engineer
https://job-boards.greenhouse.io/airtable/jobs/8442397002	Airtable	Software Engineer, Compute (8+ YOE)
https://job-boards.greenhouse.io/airtable/jobs/8124953002	Airtable	Software Engineer, Data
https://job-boards.greenhouse.io/airtable/jobs/8400373002	Airtable	Software Engineer, Infrastructure (4-8 YOE)
https://job-boards.greenhouse.io/airtable/jobs/8397618002	Airtable	Software Engineer, Product Backend (8+ YOE)
https://job-boards.greenhouse.io/vercel/jobs/5704320004	Vercel	Software Engineer, Agent
https://job-boards.greenhouse.io/vercel/jobs/5798406004	Vercel	Software Engineer, AI Gateway
https://job-boards.greenhouse.io/vercel/jobs/5474915004	Vercel	Software Engineer, AI SDK
https://job-boards.greenhouse.io/vercel/jobs/5430088004	Vercel	Software Engineer, Backend
https://job-boards.greenhouse.io/vercel/jobs/5179639004	Vercel	Software Engineer, CDN
https://job-boards.greenhouse.io/vercel/jobs/5473266004	Vercel	Software Engineer, CDN Security
https://job-boards.greenhouse.io/vercel/jobs/5551619004	Vercel	Software Engineer, Compute
https://job-boards.greenhouse.io/vercel/jobs/5808568004	Vercel	Software Engineer, Dashboard
https://job-boards.greenhouse.io/vercel/jobs/5633880004	Vercel	Software Engineer, Deployment Infrastructure
https://job-boards.greenhouse.io/vercel/jobs/5813134004	Vercel	Software Engineer, Domains
https://job-boards.greenhouse.io/vercel/jobs/5613601004	Vercel	Software Engineer, Growth
https://job-boards.greenhouse.io/vercel/jobs/5661583004	Vercel	Software Engineer, Lua
https://job-boards.greenhouse.io/vercel/jobs/5798416004	Vercel	Software Engineer, Workflows
https://job-boards.greenhouse.io/intercom/jobs/7820671	Intercom	AI Infrastructure Engineer
https://job-boards.greenhouse.io/intercom/jobs/7274831	Intercom	Senior Full Stack Engineer - Team Web
https://job-boards.greenhouse.io/intercom/jobs/5082494	Intercom	Senior Software Engineer
https://job-boards.greenhouse.io/intercom/jobs/7371989	Intercom	Software Engineer
https://jobs.ashbyhq.com/elevenlabs/5881bc5d-765a-430e-9d28-7d598a0e1a03	ElevenLabs	Full-Stack Growth Engineer
https://jobs.ashbyhq.com/elevenlabs/c7d59014-b918-4c15-ae33-79f5c9f2cf9f	ElevenLabs	Full-Stack Engineer (Back-End Leaning)
https://jobs.ashbyhq.com/elevenlabs/ada7cd2c-8b9f-4f19-a88b-7c2ca1be1fde	ElevenLabs	Full-Stack Engineer (Front-End Leaning)
https://jobs.ashbyhq.com/elevenlabs/6a530871-b6c6-4783-ac6b-69cc3b084192	ElevenLabs	Full-Stack Engineer
https://jobs.ashbyhq.com/elevenlabs/f80d0420-b6e6-4110-940c-293f64b9761e	ElevenLabs	Compliance Engineer - North America
https://jobs.ashbyhq.com/elevenlabs/03cefd49-972f-45b2-b6c7-9a42d133af0c	ElevenLabs	Compliance Engineer - APAC
https://jobs.ashbyhq.com/elevenlabs/01d0899b-0e40-4af2-a859-5d21962666b1	ElevenLabs	Infrastructure Engineer (Data & Automations)
https://jobs.ashbyhq.com/elevenlabs/f4cfa7cc-5973-473d-93c6-68115d9e887d	ElevenLabs	Compliance Engineer - EU
https://jobs.ashbyhq.com/lindy/de321403-4e9e-4d91-aa5d-1f84d770a4a6	Lindy	Staff Software Engineer
https://jobs.ashbyhq.com/lindy/04718014-2104-4725-9c80-079b732b7db4	Lindy	Full Stack Software Engineer
https://jobs.ashbyhq.com/decagon/90c40e13-345e-4855-944e-c8f6b462a78e	Decagon	Senior Software Engineer, Agents
https://jobs.ashbyhq.com/decagon/7a22482c-e2d4-45b6-b364-89b63189a4ae	Decagon	Senior Software Engineer, Infrastructure
https://jobs.ashbyhq.com/decagon/7df0a996-5a9f-496f-9f8b-c302983765b2	Decagon	Staff Software Engineer, Agent Orchestration
https://jobs.ashbyhq.com/decagon/2351ca53-b7fd-4835-b967-4ae2b976b5b4	Decagon	Staff Software Engineer, Voice Agent
https://jobs.ashbyhq.com/decagon/75f544ae-7838-4ffa-9e6b-33d7e2b6ea2b	Decagon	Senior Software Engineer, Agent Orchestration
https://jobs.ashbyhq.com/decagon/3014316c-545f-43ea-a7f5-7dd909bc34ff	Decagon	Staff Software Engineer, Infrastructure
https://jobs.ashbyhq.com/decagon/03f56b39-866b-41b7-a805-9cf2e16373b9	Decagon	Senior Software Engineer, Enterprise Product
https://jobs.ashbyhq.com/decagon/f83f5c1d-a4d7-4c63-beb5-611c97a9e11d	Decagon	Staff Software Engineer, Enterprise Product
https://jobs.ashbyhq.com/decagon/491d67c4-b877-4ddc-895a-496eed6777ed	Decagon	Senior Software Engineer, Developer Platform
https://jobs.ashbyhq.com/sierra/b16462e4-ce32-4ce9-b788-0a8f0f096361	Sierra	Software Engineer, Product
https://jobs.ashbyhq.com/sierra/d77487f9-bab3-44c6-be18-744e7125c8b3	Sierra	Software Engineer, Platform
https://jobs.ashbyhq.com/sierra/b7d1dbcd-ca72-472f-b15e-5b4b0f886be0	Sierra	Software Engineer, Agent
https://jobs.ashbyhq.com/sierra/b3829801-8e0b-4047-8cd8-8a51c87028fd	Sierra	Software Engineer, Agent Architecture
https://jobs.ashbyhq.com/sierra/f391b10c-7a4a-42b4-9887-dd32b31d6e4e	Sierra	Software Engineer, Frontend
https://jobs.ashbyhq.com/sierra/f4319197-e898-4756-a7f2-af884fe1e0c7	Sierra	Software Engineer, Intelligence
https://jobs.ashbyhq.com/sierra/55e76105-7f8d-42e8-b1d1-120b7b83922e	Sierra	Software Engineer, Infrastructure
https://jobs.ashbyhq.com/sierra/9ebc3a79-82bf-478d-bd98-d473d41bdeaf	Sierra	Software Engineer, Agent (German speaking)
https://jobs.ashbyhq.com/sierra/9d9e7d4a-2a27-4f64-9b1f-d79c5d3f129a	Sierra	Software Engineer, Agent (French speaking)
https://jobs.ashbyhq.com/sierra/aadfc0a0-93f6-454b-9767-c24793fa3eff	Sierra	Software Engineer, Agent (Spanish speaking)
https://jobs.ashbyhq.com/sierra/0c892d11-9f19-4b8d-9c2b-409346c52b7a	Sierra	Software Engineer, Agent Data Platform
https://jobs.ashbyhq.com/sierra/3914e14a-2339-4d49-97e8-3a0de793cfb1	Sierra	Software Engineer, Site Reliability (SRE)
https://jobs.ashbyhq.com/sierra/1bd9c1e7-a2aa-428d-9a31-1a4eed26391f	Sierra	Software Engineer, Voice
https://jobs.ashbyhq.com/sierra/2fdb200f-c5cf-420c-9997-5e5cea6e1e20	Sierra	Software Engineer, Agent Builder
https://jobs.ashbyhq.com/sierra/6207b02d-d334-4000-b84e-2af779171838	Sierra	Software Engineer, Agent (Italian speaking)
https://jobs.ashbyhq.com/sierra/ce463311-0c6c-43d9-ab79-dd751743104f	Sierra	Software Engineer, Agent (Arabic speaking)
https://jobs.ashbyhq.com/sierra/5ed4bbfa-1c27-4242-be7f-b8dc4ce8c25f	Sierra	Software Engineer, Insights
https://jobs.ashbyhq.com/sierra/201c6046-acb5-4fd4-a685-e993f34ec0d1	Sierra	Software Engineer, Security
https://jobs.ashbyhq.com/sierra/fc6eaada-479c-4ff6-be79-7e267b9ed2b4	Sierra	Software Engineer, Identity & Enterprise Platform
https://jobs.ashbyhq.com/sierra/eb3ee157-3d2a-412a-88a2-e2cfc5647a66	Sierra	Software Engineer, Agent - Healthcare
https://jobs.ashbyhq.com/sierra/b8a89b9a-70a1-4e47-874c-41542d1bc60a	Sierra	Software Engineer, Agent (Korean Speaking)
https://jobs.ashbyhq.com/sierra/1162dcd2-b181-49d5-9316-342cd68acbed	Sierra	Software Engineer, Agent (Thai Speaking)
https://jobs.ashbyhq.com/sierra/a4541730-ae7f-4771-b3e9-7f9da6cc5d23	Sierra	Software Engineer, Agent (Cantonese Speaking)
https://job-boards.greenhouse.io/arizeai/jobs/5396420004	Arize AI	Senior AI Product Engineer, Fullstack
https://job-boards.greenhouse.io/arizeai/jobs/5970222004	Arize AI	Senior DevOps Engineer, APJ
https://job-boards.greenhouse.io/runpod/jobs/4142227008	RunPod	Senior Software Engineer (Cloud)
https://job-boards.greenhouse.io/runpod/jobs/4108951008	RunPod	Site Reliability Engineer
https://job-boards.greenhouse.io/runpod/jobs/4785681008	RunPod	Software Engineer (Full-Stack)
https://job-boards.greenhouse.io/runpod/jobs/5020167008	RunPod	Sr Director of Software Engineering - Product & Platform Delivery
https://jobs.ashbyhq.com/zapier/3b141014-1d0f-426e-94e5-997b2cfd6ae8	Zapier	Sr. Fullstack Engineer, Identity Platform
https://jobs.ashbyhq.com/zapier/6948a0e6-a580-4e9d-b109-20652d9a1507	Zapier	Software Engineer — Release Engineering
https://job-boards.greenhouse.io/gleanwork/jobs/4654833005	Glean	Lead Site Reliability Engineer
https://job-boards.greenhouse.io/gleanwork/jobs/4598386005	Glean	Lead Software Engineer, Product Backend
https://job-boards.greenhouse.io/gleanwork/jobs/4616929005	Glean	Software Engineer, Agentic Runtime
https://job-boards.greenhouse.io/gleanwork/jobs/4501783005	Glean	Software Engineer, AI Infrastructure
https://job-boards.greenhouse.io/gleanwork/jobs/4605446005	Glean	Software Engineer, AI & Security
https://job-boards.greenhouse.io/gleanwork/jobs/4006731005	Glean	Software Engineer, Backend
https://job-boards.greenhouse.io/gleanwork/jobs/4675862005	Glean	Software Engineer, Billing & Revenue Platform
https://job-boards.greenhouse.io/gleanwork/jobs/4638008005	Glean	Software Engineer, Context Platform
https://job-boards.greenhouse.io/gleanwork/jobs/4637208005	Glean	Software Engineer, Data Foundations
https://job-boards.greenhouse.io/gleanwork/jobs/4614706005	Glean	Software Engineer, Developer Productivity
https://job-boards.greenhouse.io/gleanwork/jobs/4006733005	Glean	Software Engineer, Frontend
https://job-boards.greenhouse.io/gleanwork/jobs/4006734005	Glean	Software Engineer, Fullstack
https://job-boards.greenhouse.io/gleanwork/jobs/4659229005	Glean	Software Engineer, Insights
https://job-boards.greenhouse.io/gleanwork/jobs/4636739005	Glean	Software Engineer, Platform
https://job-boards.greenhouse.io/gleanwork/jobs/4436194005	Glean	Software Engineer, Platform Security
https://job-boards.greenhouse.io/gleanwork/jobs/4428090005	Glean	Software Engineer, Product Backend
https://job-boards.greenhouse.io/gleanwork/jobs/4388073005	Glean	Tech Lead Manager
https://job-boards.greenhouse.io/gleanwork/jobs/4656281005	Glean	Technical Lead, Billing & Revenue Platform
https://jobs.ashbyhq.com/pinecone/4ef4269b-94c4-4c7c-93ee-15a882caa767	Pinecone	Senior/Staff Software Engineer, Database Team
https://jobs.ashbyhq.com/pinecone/7ef089cb-a721-4ad8-a6d0-c390e64991d2	Pinecone	Senior/Staff Software Engineer, Search & Retrieval Infrastructure
https://jobs.ashbyhq.com/pinecone/773e953d-8f53-4313-93b4-35a553bad1cb	Pinecone	Senior/Staff Software Engineer, Experience Platform
https://jobs.ashbyhq.com/n8n/640d55b3-3603-42f4-a05b-90962768fd16	n8n	Sr Cloud Engineer | NodeJS + TS/JS | Europe remote
https://jobs.ashbyhq.com/n8n/b36e40e4-19d8-4d7e-a9b2-bddc9a59a63e	n8n	Sr Cloud Engineer | Europe remote
https://jobs.ashbyhq.com/cohere/b9c8c98e-b0fa-43b6-93b0-fa780d956066	Cohere	Software Engineer, Security
https://jobs.ashbyhq.com/cohere/d5cc437c-2397-4c1a-9d12-3a2bf64d98ea	Cohere	Member of Technical Staff, Search
https://jobs.ashbyhq.com/cohere/f931c326-4d16-44b3-812c-99378c60280f	Cohere	Member of Technical Staff, Next Generation Agents
https://jobs.ashbyhq.com/cohere/ea5662f4-c27e-475e-a502-4ad8015a2906	Cohere	Senior/Staff Backend Engineer
https://jobs.ashbyhq.com/cohere/70a8dc77-ac84-4790-aff6-13b4dcd4554a	Cohere	Member of Technical Staff, Agent Code
https://jobs.ashbyhq.com/cohere/2786dc50-5662-461a-9946-a821ad42816f	Cohere	Software Engineer, Collect
https://jobs.ashbyhq.com/cohere/4b000aff-7c0f-45a0-b67d-cf0cb2ea16a6	Cohere	Senior/Staff Full-Stack Engineer
https://jobs.ashbyhq.com/cohere/64fb905c-b3b4-4fcf-9e1c-a806c9c40068	Cohere	Software Engineer, Search Applications
https://jobs.ashbyhq.com/cohere/a5bbd015-65a9-48a1-aab1-b266bdbc9905	Cohere	Senior Software Engineer, Security Agents
https://jobs.ashbyhq.com/cohere/f5f727bc-9eab-4fcc-9fdd-92a9ce47c37c	Cohere	Full-Stack Software Engineer, Inference
https://jobs.ashbyhq.com/cohere/70664617-84f6-4ee8-a4f6-4037ebfda9db	Cohere	Senior Software Engineer, Agent Infrastructure
https://jobs.ashbyhq.com/langchain/afb91b9b-46d5-4c9d-aa84-a4f1a3f74263	LangChain	Senior Frontend Engineer, AI Observability & Evals Platform
https://jobs.ashbyhq.com/langchain/a03b3e54-495d-4960-aee7-0194a3cef57d	LangChain	Senior Fullstack Engineer,  AI Observability & Evals Platform
https://jobs.ashbyhq.com/langchain/ddf92275-1cc3-49c0-9f25-e8ded43b07f6	LangChain	FullStack Engineer,  AI Observability & Evals Platform (LangSmith)
https://jobs.ashbyhq.com/langchain/f07c1416-f126-4925-8606-5dd7c5a90f6f	LangChain	Senior Backend Software Engineer, AI Observability & Evals Platform (LangSmith)
https://jobs.ashbyhq.com/langchain/6f32998b-111c-447b-b593-2b64c7de245d	LangChain	Senior Backend Engineer, Enterprise Readiness & Identity
https://jobs.ashbyhq.com/langchain/c75915ba-a32b-4e17-873d-19b47564170d	LangChain	Fullstack Software Engineer, Applied AI
https://jobs.ashbyhq.com/langchain/e725293d-c27b-4a79-959d-19f5618f2f8e	LangChain	Developer Productivity
https://jobs.ashbyhq.com/langchain/7b4aad6c-db46-489d-8426-72217e2923f2	LangChain	Senior Fullstack Engineer, Growth & Monetization
https://jobs.ashbyhq.com/langchain/cb61f821-d8c4-4ec5-940d-3fd83be63a5f	LangChain	Senior Backend Engineer, LangSmith Deployments
https://jobs.ashbyhq.com/klue/945251b8-ecf0-47da-a04c-e3697445e4a7	Klue	Senior Software Engineer, AI (Agents)
https://jobs.ashbyhq.com/klue/2fdcccfe-6520-4536-a7f3-3acf79829784	Klue	Senior Software Engineer, AI
https://jobs.ashbyhq.com/klue/98227b52-ff84-440e-a14c-5ad3888f1d10	Klue	Software Engineer, AI
https://jobs.ashbyhq.com/bland/a3a383e0-9c15-4777-a95b-536cb8c1174c	Bland AI	Senior Infrastructure Engineer
https://jobs.ashbyhq.com/glacis-ai/feea2cb6-60db-4afa-8358-ba17d05d1cd5	Glacis AI	Founding Software Engineer - Agentic AI (Remote)
https://jobs.ashbyhq.com/glacis-ai/796efc69-0c03-45d9-9f54-f3de7bbccde9	Glacis AI	Founding Software Engineer - Agentic AI (On-site)
https://careers.hootsuite.com/job/?gh_jid=7582752	Hootsuite	Intermediate Software Developer, DevOps
https://careers.hootsuite.com/job/?gh_jid=7741151	Hootsuite	Senior Software Developer, DevOps
https://jobs.ashbyhq.com/attio/ecbad555-41d3-41d0-a38a-435cfac65576	Attio	Engineering Lead
https://jobs.ashbyhq.com/attio/c05a61a4-ae7c-4d93-a920-08d60c7448ad	Attio	Senior Platform Engineer
https://boomi.com/boomi-jobs/?gh_jid=5786933004	Boomi	Principal Software Engineer - AI
https://boomi.com/boomi-jobs/?gh_jid=5963664004	Boomi	Principal Software Engineer- UK Based
https://boomi.com/boomi-jobs/?gh_jid=5789786004	Boomi	Senior Principal Software Engineer
https://boomi.com/boomi-jobs/?gh_jid=5776784004	Boomi	Senior Software Engineer
https://boomi.com/boomi-jobs/?gh_jid=5789784004	Boomi	Senior Software Engineer (Vancouver Hybrid)
https://boomi.com/boomi-jobs/?gh_jid=5792761004	Boomi	Software Principal Engineer - SRE, Production Engineer​ing
https://boomi.com/boomi-jobs/?gh_jid=5977511004	Boomi	Systems Engineer/Platform Developer- EMEA Remote
https://jobs.ashbyhq.com/DeepL/b14178e6-7ad2-4195-8934-1f94503a4918	DeepL	Senior Staff Software Engineer | API
https://jobs.ashbyhq.com/DeepL/4fe3ffe8-da25-4b84-addc-8dd06aba9e2e	DeepL	Senior Software Engineer | API
https://job-boards.greenhouse.io/blackforestlabs/jobs/4925659008	Black Forest Labs	Member of Technical Staff - Infrastructure Engineer
https://job-boards.greenhouse.io/blackforestlabs/jobs/5019171008	Black Forest Labs	Member of Technical Staff - Large Scale Data Infrastructure
https://getyourguide.careers/jobs/6687709?gh_jid=6687709	GetYourGuide	Legal Trainee (Rechtsreferendar)
https://getyourguide.careers/jobs/7526177?gh_jid=7526177	GetYourGuide	Senior Software Engineer (Backend focused)
https://getyourguide.careers/jobs/7518806?gh_jid=7518806	GetYourGuide	Senior Software Engineer (Backend focused) - Supply
https://getyourguide.careers/jobs/7234277?gh_jid=7234277	GetYourGuide	Senior Software Engineer,  Developer Enablement
https://getyourguide.careers/jobs/7728364?gh_jid=7728364	GetYourGuide	Senior Software Engineer - (Frontend)
https://getyourguide.careers/jobs/7641281?gh_jid=7641281	GetYourGuide	Senior Software Engineer, Revenue Platform (Backend Focused)
https://getyourguide.careers/jobs/7581804?gh_jid=7581804	GetYourGuide	Senior Software Engineer, Search Platform
https://getyourguide.careers/jobs/7607497?gh_jid=7607497	GetYourGuide	Senior Software Engineer, User Profiles (Backend Focused)
https://getyourguide.careers/jobs/7768438?gh_jid=7768438	GetYourGuide	Software Engineer,  Developer Enablement
https://job-boards.greenhouse.io/contentful/jobs/7557597	Contentful	Fullstack Software Engineer (f/m/d)
https://job-boards.greenhouse.io/contentful/jobs/7875509	Contentful	Full Stack Software Engineer III
https://job-boards.greenhouse.io/contentful/jobs/7753183	Contentful	Senior Backend Engineer - AI Platform (f/m/d)
https://job-boards.greenhouse.io/contentful/jobs/7682062	Contentful	Senior Platform Engineer (f/m/d)
https://job-boards.greenhouse.io/contentful/jobs/7760962	Contentful	Senior Software Engineer - Backend & Infrastructure (f/m/d)
https://job-boards.greenhouse.io/celonis/jobs/7559335003?gh_jid=7559335003	Celonis	Senior Software Engineer - Java
https://job-boards.greenhouse.io/celonis/jobs/7678804003?gh_jid=7678804003	Celonis	Senior Software Engineer - Orchestration and Automation
https://job-boards.greenhouse.io/celonis/jobs/7712675003?gh_jid=7712675003	Celonis	Senior Software Engineer - Provisioning and Licensing
https://jobs.ashbyhq.com/cradlebio/ae6e6352-28e5-4b2f-b1d9-da7da078f011	Cradle	Backend Software Engineer, Python
https://careers.hellofresh.com/global/en/job/7408822?gh_jid=7408822	HelloFresh	Backend Engineer, Consumer
https://careers.hellofresh.com/global/en/job/7653839?gh_jid=7653839	HelloFresh	Backend Engineer, Growth Alliance(m/f/d)
https://careers.hellofresh.com/global/en/job/7824435?gh_jid=7824435	HelloFresh	Backend Engineer, Operations Technology (all genders)
https://careers.hellofresh.com/global/en/job/7195929?gh_jid=7195929	HelloFresh	Process Workers
https://careers.hellofresh.com/global/en/job/7618894?gh_jid=7618894	HelloFresh	Senior Backend Engineer, Active Journey Alliance
https://careers.hellofresh.com/global/en/job/7601774?gh_jid=7601774	HelloFresh	Senior Backend Engineer, Cart
https://careers.hellofresh.com/global/en/job/7858597?gh_jid=7858597	HelloFresh	Senior Backend Engineer, Consumer
https://careers.hellofresh.com/global/en/job/7757845?gh_jid=7757845	HelloFresh	Senior Backend Engineer, Deliveries and Orders
https://careers.hellofresh.com/global/en/job/7758211?gh_jid=7758211	HelloFresh	Senior Backend Engineer, Deliveries & Orders (f/m/x)
https://careers.hellofresh.com/global/en/job/7774546?gh_jid=7774546	HelloFresh	Senior Backend Engineer, Finance Tech
https://careers.hellofresh.com/global/en/job/7668433?gh_jid=7668433	HelloFresh	Senior Backend Engineer, Growth Alliance
https://careers.hellofresh.com/global/en/job/7618797?gh_jid=7618797	HelloFresh	Senior Backend Engineer, Growth Alliance (f/m/x)
https://careers.hellofresh.com/global/en/job/7404963?gh_jid=7404963	HelloFresh	Senior Backend Engineer, Operations
https://careers.hellofresh.com/global/en/job/7864484?gh_jid=7864484	HelloFresh	Senior Backend Engineer, Operations (f/m/x)
https://careers.hellofresh.com/global/en/job/7757846?gh_jid=7757846	HelloFresh	Senior Backend Engineer - Plans Squad (f/m/x)
https://careers.hellofresh.com/global/en/job/7841257?gh_jid=7841257	HelloFresh	Senior Frontend Engineer, Consumer Alliance (all genders)
https://careers.hellofresh.com/global/en/job/7862395?gh_jid=7862395	HelloFresh	Senior Frontend Engineer, Consumer Alliance (f/m/x)
https://careers.hellofresh.com/global/en/job/7749527?gh_jid=7749527	HelloFresh	Senior Frontend Engineer, Growth Alliance (f/m/x)
https://careers.hellofresh.com/global/en/job/7696242?gh_jid=7696242	HelloFresh	Senior Infrastructure Engineer, Intelligent Platforms
https://careers.hellofresh.com/global/en/job/7845008?gh_jid=7845008	HelloFresh	Staff Backend Engineer, Customer Value Optimisation
https://careers.hellofresh.com/global/en/job/7807207?gh_jid=7807207	HelloFresh	Staff Backend Engineer, Plans Squad (f/m/x)
https://www.scandit.com/careers/job-description/?gh_jid=7393559	Scandit	Software Engineering Summer Job 2026
https://wayve.firststage.co/jobs?gh_jid=8455160002	Wayve	Application Software Engineer
https://wayve.firststage.co/jobs?gh_jid=8460441002	Wayve	Application Software Engineer - Relocation to Tokyo
https://wayve.firststage.co/jobs?gh_jid=8483723002	Wayve	Cloud Infrastructure Engineer
https://wayve.firststage.co/jobs?gh_jid=8454715002	Wayve	Principal Application Software Engineer
https://wayve.firststage.co/jobs?gh_jid=8478636002	Wayve	Principal Application Software Engineer - Relocation to Tokyo
https://wayve.firststage.co/jobs?gh_jid=8458272002	Wayve	Senior Cloud Site Reliability Engineer
https://wayve.firststage.co/jobs?gh_jid=8482674002	Wayve	Senior Fullstack Engineer - 3D Rendering
https://wayve.firststage.co/jobs?gh_jid=8482664002	Wayve	Senior Fullstack Engineer - Data Enrichment
https://wayve.firststage.co/jobs?gh_jid=8436432002	Wayve	Site Reliability Engineer
https://wayve.firststage.co/jobs?gh_jid=8397803002	Wayve	Software Developer,
https://wayve.firststage.co/jobs?gh_jid=8482671002	Wayve	Staff Fullstack Engineer - Onboard Experience
https://job-boards.greenhouse.io/isomorphiclabs/jobs/5584160004	Isomorphic Labs	Cloud Platform Engineer
https://job-boards.greenhouse.io/isomorphiclabs/jobs/5749782004	Isomorphic Labs	Full Stack Engineer
https://job-boards.greenhouse.io/isomorphiclabs/jobs/5978596004	Isomorphic Labs	Platform Engineer - Security
https://job-boards.greenhouse.io/isomorphiclabs/jobs/5539669004	Isomorphic Labs	Senior Platform Engineer
https://job-boards.greenhouse.io/isomorphiclabs/jobs/5561630004	Isomorphic Labs	Software Engineer (Compute Infra), London
https://jobs.ashbyhq.com/synthesia/22a00ec6-ac40-4b87-97bc-a0f7bf724be7	Synthesia	Software Engineer, Front End Leaning (Tech Lead level)
https://jobs.ashbyhq.com/synthesia/bf515974-3bab-46cb-85fd-5bacafcc1a91	Synthesia	Software Engineer, Back End Leaning (Tech Lead Level)
https://jobs.ashbyhq.com/synthesia/36ffd056-0141-487e-8f6c-83b52c074f62	Synthesia	Software Engineer (Principal level)
https://jobs.ashbyhq.com/synthesia/e1fedec8-ea12-4e7f-95e1-475b95dbd517	Synthesia	Software Engineer, Front End Leaning (Accessibility)
https://jobs.ashbyhq.com/synthesia/2206efb1-b165-48e5-84cc-baace2a1f4e1	Synthesia	Staff Software Engineer, Enterprise
https://jobs.ashbyhq.com/synthesia/713ae2ad-aad2-48c9-987a-0d409ae52b00	Synthesia	Infrastructure Engineer
https://jobs.ashbyhq.com/synthesia/3f9d85f6-0750-400f-a129-6a0f8ab76476	Synthesia	Staff Fullstack Engineer, Avatars
https://jobs.ashbyhq.com/synthesia/8a301daa-94db-431f-8385-ad00bb215eda	Synthesia	Staff Backend Engineer, Avatars
http://stability.ai/careers?gh_jid=4712821101	Stability AI	Senior Backend Engineer
http://stability.ai/careers?gh_jid=4679992101	Stability AI	Senior Site Reliability Engineer
https://jobs.ashbyhq.com/causaly/b197dd4a-dded-4f35-ab09-3bf757b64d2a	Causaly	Senior Software Engineer
https://jobs.ashbyhq.com/faculty/59ee3a48-389a-48db-9c0d-ddaf34b78586	Faculty	Lead Software Engineer
https://jobs.ashbyhq.com/faculty/6c9b3973-b841-434f-8e77-f6078b364549	Faculty	Software Engineer
https://jobs.ashbyhq.com/faculty/8fdd616b-5d50-4c2b-aeff-0d4e90073ce8	Faculty	Senior Software Engineer
https://jobs.ashbyhq.com/faculty/91c88cf4-cf93-43da-8d02-01a4fc8d9da5	Faculty	Software Engineer
https://jobs.ashbyhq.com/faculty/67645c5e-abe8-434f-8013-f13e82259e81	Faculty	Full Stack Software Engineer
https://jobs.ashbyhq.com/faculty/b3c14108-5b60-492c-834f-0c1a03b399ba	Faculty	Senior Full Stack Software Engineer
https://jobs.ashbyhq.com/faculty/671e4b18-fda2-4d86-b675-adba5ca16d3f	Faculty	Senior Cloud Engineer
https://jobs.ashbyhq.com/faculty/ffb24889-b115-4f6e-8d69-cc385b95dac7	Faculty	Platform Engineer
https://jobs.ashbyhq.com/faculty/bc4c8367-bf20-4ddc-88f2-6252af73929b	Faculty	Senior Software Engineer
https://jobs.ashbyhq.com/lovable/cfef6fe1-e0c9-4139-8618-b51bfb1dc683	Lovable	Data Platform Engineer
https://jobs.ashbyhq.com/lovable/b9894757-c26b-4c5e-9ee8-3e18d9947fd6	Lovable	Fullstack Product Engineer
https://jobs.ashbyhq.com/lovable/e27e931e-79f3-483a-b543-57e42633ac5c	Lovable	Fullstack Engineer - AI Code Security
https://jobs.ashbyhq.com/lovable/99f2854e-4937-4227-b96a-81269b5f871d	Lovable	Platform Engineer - Developer Experience
https://jobs.ashbyhq.com/lovable/920b4099-00bc-4d5e-9469-2c955ef3a662	Lovable	Software Engineer - Infrastructure
https://jobs.ashbyhq.com/lovable/1f86955c-2748-4cd6-bd69-7e5c2c3fe465	Lovable	FullStack Engineer - Product Security
https://jobs.ashbyhq.com/lovable/581951b9-537e-49d5-89fb-dd74cdf3256c	Lovable	Fullstack Growth Engineer
https://jobs.ashbyhq.com/lovable/0d76fa8d-4aaa-41e2-b5d8-d316648bdff8	Lovable	Fullstack Engineer - Lovable Apps Platform Team
https://jobs.ashbyhq.com/legora/8f04eacb-b330-4166-8c88-a77c9cc4f46f	Legora	Platform Engineer
https://jobs.ashbyhq.com/legora/9a04bbd8-0583-48de-9606-431c01079b8b	Legora	Software Engineer
https://jobs.ashbyhq.com/legora/f1ed20ac-add0-47f0-a6c5-2d6cf5149117	Legora	Software Engineer
https://jobs.ashbyhq.com/legora/056d9fc6-431c-40b6-b6ff-3a147b23b5c8	Legora	Senior Software Engineer
https://jobs.ashbyhq.com/legora/e1b04e64-3eff-4583-b083-dcebc754f80a	Legora	Senior Backend Engineer
https://jobs.ashbyhq.com/legora/9cbd8455-89f5-46c7-b7ad-9a6255c8ebb4	Legora	Staff Software Engineer
https://jobs.ashbyhq.com/legora/83972c5d-af77-41bb-8c3e-a60760c16310	Legora	Staff Software Engineer
https://jobs.ashbyhq.com/legora/97784bc1-e75b-4da9-89e0-e6e61a6d7e06	Legora	Platform Engineer
https://jobs.ashbyhq.com/legora/3fcdc6ba-e35f-470e-823e-7c4563c933a2	Legora	Senior Software Engineer
https://jobs.ashbyhq.com/legora/04f2f382-7760-4f42-a7da-f85ae8de8a62	Legora	Senior Site Reliability Engineer
https://jobs.ashbyhq.com/legora/f81a4b5e-7ef3-4946-a147-f6c0645e98ca	Legora	Software Engineer (AI Focus)
https://jobs.ashbyhq.com/legora/c6d79161-748c-43a4-a762-95826ed8847f	Legora	Site Reliability Engineer
https://jobs.ashbyhq.com/legora/c7a8d50e-c7f9-4a65-984d-dfa9239335e7	Legora	Staff Site Reliability Engineer
https://jobs.ashbyhq.com/legora/e4ce19dc-e800-42cd-835f-dcc43b96d004	Legora	Software Engineer - AI Enablement & Workplace Technology
https://jobs.ashbyhq.com/perplexity/043d6a58-87a1-4e3c-bf47-4dc351b94cf4	Perplexity	Member of Technical Staff (Software Engineer, Monetization)
https://jobs.ashbyhq.com/perplexity/b932d73f-49f3-4367-8fa7-a22f760e55a3	Perplexity	Member of Technical Staff (Cloud Security Engineer)
https://jobs.ashbyhq.com/perplexity/598e1f7d-b802-4de2-99ac-90eb2bc33315	Perplexity	Member of Technical Staff (AI Infrastructure Engineer)
https://jobs.ashbyhq.com/perplexity/cdbf6ccb-2078-4499-b0a6-af8a04754eee	Perplexity	Member of Technical Staff (AI Security Engineer)
https://jobs.ashbyhq.com/perplexity/dd80ab52-34bd-42af-aa5e-6283b7e6c194	Perplexity	Member of Technical Staff (Backend/Infrastructure Engineer, Search)
https://jobs.ashbyhq.com/perplexity/27aa1a14-bc59-4613-a65a-38598695076f	Perplexity	Member of Technical Staff (Search Engine Developer, Search Core)
https://jobs.ashbyhq.com/perplexity/94ccf41e-d3e1-41aa-9569-c3bcbffc4184	Perplexity	Member of Technical Staff (Backend Software Engineer, Search Crawler)
https://jobs.ashbyhq.com/perplexity/3c656963-876a-458d-bca6-916a42a24c1a	Perplexity	Member of Technical Staff (Software Engineer, Applied AI)
https://jobs.ashbyhq.com/perplexity/8673866c-f624-4b58-b171-752cf003630e	Perplexity	Member of Technical Staff (Software Engineer, AI Platform)
https://jobs.ashbyhq.com/perplexity/9ac5e638-85f6-4308-bcd5-7dfe0a30a79b	Perplexity	Member of Technical Staff (Backend Software Engineer, API Platform)
https://jobs.ashbyhq.com/perplexity/6c9b3c71-85ba-47db-bce5-44fd9fa95d03	Perplexity	Member of Technical Staff (Software Engineer, Security)
https://jobs.ashbyhq.com/perplexity/bc1a6878-8de9-48c2-a791-95b2f8f27261	Perplexity	Member of Technical Staff (AI Software Engineer, Agents)
https://jobs.ashbyhq.com/perplexity/c03bf199-9faa-48a4-809d-095c72b06000	Perplexity	Member of Technical Staff (Software Engineer, Acceleration)
https://jobs.ashbyhq.com/perplexity/2cef7831-6ed3-4663-aec4-57f79f08c95a	Perplexity	Member of Technical Staff (Software Engineer, Infrastructure)
https://jobs.ashbyhq.com/perplexity/7755eb0a-0f51-4286-b75e-591e44c741bc	Perplexity	Member of Technical Staff (Software Engineer, Data Flywheel)
https://jobs.ashbyhq.com/perplexity/2b5a9f9c-7cd5-4579-b7c2-69d09e0214c8	Perplexity	Member of Technical Staff (Backend Software Engineer)
https://jobs.ashbyhq.com/perplexity/4c0ac8bb-55bf-4fb0-b7d7-36d69f55e6c8	Perplexity	Member of Technical Staff (Software Engineer, Computer)
https://jobs.ashbyhq.com/claylabs/9b008b26-189b-45cf-83d8-fee117d32874	Clay Labs	Software Engineer, Developer Experience (AI)
https://jobs.ashbyhq.com/claylabs/045ce27d-8693-4402-86f6-2f09932cc777	Clay Labs	Software Engineer, Full Stack
https://jobs.ashbyhq.com/claylabs/67edc68a-a18e-4f49-98ec-e2ff08f5d701	Clay Labs	Site Reliability Engineer
https://jobs.ashbyhq.com/claylabs/248aa0c7-034f-47d3-a57e-ce16736eeab6	Clay Labs	Software Engineer, Backend
https://jobs.ashbyhq.com/claylabs/18a42bd0-5bff-4c8e-a403-fb79aad2c57b	Clay Labs	Software Engineer, Frontend
https://jobs.ashbyhq.com/claylabs/3940ea40-4c11-40f5-b710-d770c88d0f1b	Clay Labs	Software Engineer, Infrastructure
https://job-boards.eu.greenhouse.io/physicsx/jobs/4815591101	PhysicsX	Frontend Software Engineer - Simulation Workbench
https://job-boards.eu.greenhouse.io/physicsx/jobs/4791010101	PhysicsX	Principal Software Engineer - Engineering Applications
https://job-boards.eu.greenhouse.io/physicsx/jobs/4789290101	PhysicsX	Senior Software Engineer - AI Workbench
https://job-boards.eu.greenhouse.io/physicsx/jobs/4820418101	PhysicsX	Senior Software Engineer - Core Services
https://job-boards.eu.greenhouse.io/physicsx/jobs/4804144101	PhysicsX	Senior Software Engineer - Platform Operations
https://job-boards.eu.greenhouse.io/physicsx/jobs/4804155101	PhysicsX	Senior Software Engineer - Platform Runtime
https://job-boards.eu.greenhouse.io/physicsx/jobs/4804130101	PhysicsX	Senior Software Engineer - SRE Core Infrastructure
https://jobs.ashbyhq.com/workos/cff5a16f-fd1c-4b64-9b66-8a8321122375	WorkOS	Site Reliability Engineer
https://jobs.ashbyhq.com/workos/f2674bd8-3062-4cf8-98fb-72cb81dc5d39	WorkOS	Software Engineer - Frontend
https://jobs.ashbyhq.com/workos/26a54ffa-9465-4d13-bc5f-db41a2bbe505	WorkOS	Infrastructure Engineer
https://jobs.ashbyhq.com/workos/07a7d732-ac5d-4aab-b4bf-ee89951660c2	WorkOS	Software Engineer - Productivity
https://jobs.ashbyhq.com/workos/b6c03b24-b4ee-4ee3-ac62-5e5718c502d4	WorkOS	Developer Experience Engineer
https://jobs.ashbyhq.com/workos/5e650527-d8dd-413a-9cfb-d7d68143274b	WorkOS	Software Engineer - Applied AI
https://jobs.ashbyhq.com/supabase/2ed5e80d-438b-47a5-9efe-12d168b8de81	Supabase	Software Engineer - Support Tooling (APAC/AMER)
https://jobs.ashbyhq.com/supabase/894139b0-cc52-4fe4-b84f-ab6660b517d0	Supabase	Infrastructure Engineer - Observability (APAC)
https://jobs.ashbyhq.com/supabase/8a49c4b3-a48b-4d6a-9c3c-36943fcd0dfb	Supabase	Software Engineer - Supavisor
https://jobs.ashbyhq.com/supabase/847a7bd7-6b75-444a-aeda-d0b28a11c764	Supabase	Platform Engineer - Multicloud
https://jobs.ashbyhq.com/supabase/bf3628f2-f6e8-414e-a3fd-2f5ff481b60c	Supabase	AWS Tech Lead - Platform Operations
https://jobs.ashbyhq.com/resend/06bd9cb2-d189-41b6-baf7-42bd5da9610f	Resend	Developer Experience Engineer
https://job-boards.greenhouse.io/hightouch/jobs/5701750004	Hightouch	Developer Productivity Engineer
https://job-boards.greenhouse.io/hightouch/jobs/4620430004	Hightouch	Full Stack Product Engineer
https://job-boards.greenhouse.io/hightouch/jobs/5542602004	Hightouch	Software Engineer, AI Agents
https://job-boards.greenhouse.io/hightouch/jobs/5809895004	Hightouch	Software Engineer - AI Productivity
https://job-boards.greenhouse.io/hightouch/jobs/5983891004	Hightouch	Software Engineer, Control Plane
https://job-boards.greenhouse.io/hightouch/jobs/5983811004	Hightouch	Software Engineer, Customer Studio Backend
https://job-boards.greenhouse.io/hightouch/jobs/4782632004	Hightouch	Software Engineer, Distributed Systems
https://job-boards.greenhouse.io/hightouch/jobs/5983863004	Hightouch	Software Engineer, Streaming Systems
https://job-boards.greenhouse.io/hightouch/jobs/5734303004	Hightouch	Web Engineer
https://jobs.ashbyhq.com/inngest/ae72d036-b98b-4abb-8454-a687870cf0ca	Inngest	Distributed Systems Engineer - Platform
https://job-boards.eu.greenhouse.io/amplemarket/jobs/4488062101	Amplemarket	Frontend Software Engineer
https://job-boards.eu.greenhouse.io/amplemarket/jobs/4066973101	Amplemarket	Fullstack Software Engineer
https://job-boards.eu.greenhouse.io/amplemarket/jobs/4066899101	Amplemarket	Senior Backend Software Engineer
https://job-boards.eu.greenhouse.io/amplemarket/jobs/4066888101	Amplemarket	Spontaneous Application - Infrastructure Engineer
https://job-boards.greenhouse.io/planetscale/jobs/4009938009	PlanetScale	Software Engineer - Information Security
https://job-boards.greenhouse.io/planetscale/jobs/4036240009	PlanetScale	Software Engineer - Infrastructure
https://jobs.lever.co/pigment/d41c13a1-9fa5-4d4e-8f50-d3c10852c8e0	Pigment	Fullstack Software Engineer
https://jobs.lever.co/pigment/5afbde72-ff75-4841-9ab5-2a95decbc6f2	Pigment	Senior Backend Software Engineer
https://jobs.lever.co/pigment/068f30f5-4343-4a85-ba52-a35ca2e2581f	Pigment	Senior Backend Software Engineer (UK)
https://jobs.lever.co/pigment/cb04a184-0756-461c-b4b3-58f779a82b09	Pigment	Senior Frontend Engineer (UK)
https://jobs.lever.co/pigment/24e3e6d8-56a3-4917-acbe-ec85d0c8cf13	Pigment	Senior Frontend Software Engineer
https://jobs.lever.co/pigment/d4f42533-dabb-49c5-9846-24abbb3f61d8	Pigment	Senior Fullstack Software Engineer
https://jobs.lever.co/pigment/e95eaef9-a07b-4dc8-af33-0b59fd242ac9	Pigment	Senior SRE
https://jobs.lever.co/mistral/aceffeba-c4e9-4b3b-adff-e7e78b986c5c	Mistral AI	Applied AI Engineer, Fullstack Software Engineer - EMEA
https://jobs.lever.co/mistral/3e51d533-1f2d-48e3-9a2b-33fc7e8b0c0c	Mistral AI	Applied AI Engineer, Senior/Staff Devops/SRE - EMEA
https://jobs.lever.co/mistral/5538042e-f157-4a2c-a9ee-e412de9ba761	Mistral AI	Applied AI Engineer, Senior/Staff Fullstack Software Engineer - Singapore
https://jobs.lever.co/mistral/f76907fd-428a-4824-a1cf-8013974fde29	Mistral AI	Mistral Cloud - Site Reliability Engineer
https://jobs.lever.co/mistral/6e16e4fa-a60b-4270-a815-06b0450fb597	Mistral AI	Site Reliability Engineer
https://jobs.lever.co/mistral/b320e972-3ed8-4d02-acb1-37950812cdbc	Mistral AI	Site Reliability Engineer - NYC
https://jobs.lever.co/mistral/305432ef-27ac-4012-a893-a662813ac6e9	Mistral AI	Software Engineer,  Frontend
https://jobs.lever.co/mistral/77b8339f-da37-4f38-b554-1d154f72ca8f	Mistral AI	Software Engineer, Backend (London)
https://jobs.lever.co/mistral/f2e8ba75-bf5a-4976-bb96-c5d3e0f99366	Mistral AI	Software Engineer, Backend (New-York)
https://jobs.lever.co/mistral/e76d2957-2bf6-4d8f-90a2-29bf9a927823	Mistral AI	Software Engineer, Backend (Paris)
https://jobs.lever.co/mistral/31364497-4081-454a-b50c-12d15daf6876	Mistral AI	Software Engineer, Deployment Infrastructure
https://jobs.lever.co/mistral/c9e16eb0-0cb9-423d-8495-a96d10782622	Mistral AI	Software Engineer, DevEx
https://jobs.lever.co/mistral/3eef7a1f-cd9d-430e-ac67-9d52534c346a	Mistral AI	Software Engineer, Enterprise Agents
https://jobs.lever.co/mistral/70d5293a-9183-40d9-874a-cc08a14d5de6	Mistral AI	Software Engineer, Knowledge and Search
https://jobs.lever.co/spotify/66492688-d5b0-4cf8-b1a4-4a715157edd9	Spotify	Backend Engineer  - Data Infrastructure
https://jobs.lever.co/spotify/32d6a16a-e0b8-4049-8221-077dc514af48	Spotify	Backend Engineer - Core Infrastructure
https://jobs.lever.co/spotify/db6450c7-5017-4aa5-8a64-52e39f1ed525	Spotify	Backend Engineer - Data Platform
https://jobs.lever.co/spotify/0f8f7921-bcb4-444c-8ceb-4d3fa6459493	Spotify	Backend Engineer - Music
https://jobs.lever.co/spotify/f542541d-3427-41fd-b7da-bf272bd8b755	Spotify	Backend Engineer - Personalization
https://jobs.lever.co/spotify/e8ef80ed-633f-45ec-a1fc-a55704241f64	Spotify	Backend Engineer - Platform
https://jobs.lever.co/spotify/58860a10-4a0d-4a21-a495-1f3605b300c1	Spotify	Backend Engineer - User Platform
https://jobs.lever.co/spotify/830106b6-0055-4003-bcaa-370648915622	Spotify	Backend Engineer- Release
https://jobs.lever.co/spotify/52fe2b49-3c85-4479-b1db-2c5ab74cbcfc	Spotify	Backend Engineer, Music
https://jobs.lever.co/spotify/454e6013-78ca-4009-9ad4-7597f2045d0a	Spotify	Backend Engineer, Podcast
https://jobs.lever.co/spotify/74c04c1a-afe8-4616-be68-ae452daed595	Spotify	Full Stack Engineer
https://jobs.lever.co/spotify/69524356-88f8-4a8e-b543-0198670e4ceb	Spotify	Full Stack Engineer - Podcast
https://jobs.lever.co/spotify/2d1f743f-9174-413f-b824-6e426082ebeb	Spotify	Fullstack Engineer - Generative UI Platform
https://jobs.lever.co/spotify/6b0128ab-edeb-494b-b747-25cb35af4b6a	Spotify	Senior Backend Engineer - Audiobooks
https://jobs.lever.co/spotify/88b0a5ea-65d8-4c0c-8d1f-c30989ea5c16	Spotify	Senior Backend Engineer - Commerce Platform
https://jobs.lever.co/spotify/4ce74372-9d9f-4fa1-86a3-9c96158a03c5	Spotify	Senior Backend Engineer - Experimentation Platform
https://jobs.lever.co/spotify/05c0fde5-9553-4b1a-95ea-2b46f0e670bb	Spotify	Senior Backend Engineer - Music
https://jobs.lever.co/spotify/ab6947fc-adc4-41db-ad11-8fae741ceff0	Spotify	Senior Backend Engineer - Personalization
https://jobs.lever.co/spotify/2cd04b53-ecfc-4de1-8e12-eab125720520	Spotify	Senior Backend Engineer - Subscriptions
https://jobs.lever.co/spotify/516a9281-8c72-45a3-a17e-81f792cfd14c	Spotify	Senior Full Stack Engineer - Audiobooks
https://jobs.lever.co/spotify/7aa8f2c1-eaa7-445a-a2ed-9e1be3ae2dd4	Spotify	Senior Fullstack Engineer - Backstage Portal, Data Experience
https://jobs.lever.co/spotify/0c364c03-4f52-4cbc-9dd1-8e2524d269ab	Spotify	Senior Fullstack Engineer - Commerce Platform
https://jobs.lever.co/spotify/6fe64020-9ec1-4aed-a15c-1c32dcda6248	Spotify	Senior Fullstack Engineer - Data Platform
https://jobs.lever.co/spotify/cefb269f-ec27-4e16-8d7d-43307a832591	Spotify	Senior Fullstack Engineer – Generative UI Platform
https://jobs.lever.co/spotify/fdfe281d-889c-478a-8f27-c9bc36b2b0cf	Spotify	Senior Site Reliability Engineer
https://jobs.lever.co/spotify/ad5ef898-b800-4213-a63e-e39a97df9cfb	Spotify	Site Reliability Engineer - Backstage
https://boards.greenhouse.io/faire/jobs/8523826002?gh_jid=8523826002	Faire	Staff Backend Engineer - Search FX (Discovery Experience)
https://job-boards.greenhouse.io/intercom/jobs/7824142	Intercom	AI Infrastructure Engineer
https://job-boards.greenhouse.io/intercom/jobs/7276257	Intercom	Senior Full Stack Engineer - Team Web
https://job-boards.greenhouse.io/arizeai/jobs/5970210004	Arize AI	Senior DevOps Engineer, APJ
https://job-boards.greenhouse.io/gleanwork/jobs/4581643005	Glean	Software Engineer, Backend
https://job-boards.greenhouse.io/vercel/jobs/5431123004	Vercel	Software Engineer, Backend
https://boomi.com/boomi-jobs/?gh_jid=5784409004	Boomi	Senior Software Engineer
https://jobs.ashbyhq.com/klue/ed50e681-1363-4141-ae60-bca17eba5f04	Klue	Software Engineer, AI
https://jobs.ashbyhq.com/attio/d973504f-6cdd-4eaa-912d-b8e8dc8703d9	Attio	Senior Platform Engineer
https://jobs.ashbyhq.com/attio/12b5faed-50b9-4b7a-80e8-af17b621cbe2	Attio	Engineering Lead
https://careers.hootsuite.com/job/?gh_jid=7717102	Hootsuite	Intermediate Software Developer, DevOps
https://jobs.ashbyhq.com/decagon/dc7c3b51-5be0-4890-a481-5bb200df48eb	Decagon	Senior Software Engineer, Enterprise Product
https://jobs.ashbyhq.com/decagon/bb53080a-2945-4d39-9ef3-ef9a6fce6219	Decagon	Staff Software Engineer, Agent Orchestration
https://jobs.ashbyhq.com/decagon/762ee436-6acc-4700-9927-0e73d6dc4123	Decagon	Senior Software Engineer, Agent Orchestration
https://jobs.ashbyhq.com/decagon/a4796fbc-b45c-4e1b-b1d2-1a17c0b4fa7a	Decagon	Senior Software Engineer, Infrastructure
https://jobs.ashbyhq.com/decagon/52943ef2-e3ed-44d8-ab3f-17dd28d0376d	Decagon	Staff Software Engineer, Enterprise Product
https://jobs.ashbyhq.com/decagon/cd95c25c-fdb7-4816-8a31-6d75e86adbe0	Decagon	Senior Software Engineer, Agents
https://careers.hellofresh.com/global/en/job/7731719?gh_jid=7731719	HelloFresh	Senior Infrastructure Engineer, Intelligent Platforms
https://job-boards.greenhouse.io/contentful/jobs/7557586	Contentful	Fullstack Software Engineer (f/m/d)
https://job-boards.greenhouse.io/contentful/jobs/7776562	Contentful	Senior Backend Engineer - AI Platform (f/m/d)
https://job-boards.greenhouse.io/contentful/jobs/7760966	Contentful	Senior Software Engineer - Backend & Infrastructure (f/m/d)
https://jobs.lever.co/pigment/bf7cacad-0f52-4db4-88d4-ad7b22bd852e	Pigment	Senior Backend Software Engineer
https://jobs.ashbyhq.com/causaly/e8a169c8-687c-4562-be87-6ee7c87cdbfb	Causaly	Senior Software Engineer
https://wayve.firststage.co/jobs?gh_jid=8431122002	Wayve	Application Software Engineer
https://wayve.firststage.co/jobs?gh_jid=8460447002	Wayve	Application Software Engineer - Relocation to Tokyo
https://wayve.firststage.co/jobs?gh_jid=8431121002	Wayve	Principal Application Software Engineer
https://wayve.firststage.co/jobs?gh_jid=8478640002	Wayve	Principal Application Software Engineer - Relocation to Tokyo
https://jobs.lever.co/spotify/ee5064af-0116-4ef2-994a-cb8fed580290	Spotify	Backend Engineer, Music
https://jobs.lever.co/spotify/4cf40d3f-0ba2-443a-9ed1-62f7cdccba7b	Spotify	Senior Backend Engineer - Music
https://jobs.lever.co/spotify/3b493d83-5f06-4483-af6f-f2c471fe06d8	Spotify	Senior Backend Engineer - Subscriptions
https://jobs.ashbyhq.com/legora/b0dcbd44-38c5-46fc-aa9a-610fe881fc1c	Legora	Senior Backend Engineer
https://jobs.ashbyhq.com/legora/2ec4729a-82e2-4e7b-90d9-c9afb8e941bb	Legora	Senior Software Engineer
https://jobs.ashbyhq.com/legora/a5d017d8-4180-4db3-8cae-3a7f9fa4976c	Legora	Senior Site Reliability Engineer
https://jobs.ashbyhq.com/legora/5dbc669c-9af2-4430-ba23-fd02a77b259e	Legora	Site Reliability Engineer
https://jobs.ashbyhq.com/perplexity/60deb376-51b5-46c6-9e17-55377a5ef34e	Perplexity	Member of Technical Staff (AI Infrastructure Engineer)
https://jobs.ashbyhq.com/pinecone/499ce77a-7ed0-462e-9efb-3e7dad6cd5ad	Pinecone	Senior/Staff Software Engineer, Search & Retrieval Infrastructure
https://jobs.ashbyhq.com/sierra/e9f5fdb6-91ee-4c55-9230-41ec8865650e	Sierra	Software Engineer, Agent
https://jobs.ashbyhq.com/faculty/bcf086b9-f8b5-491b-b9b9-73d8cd6e23e8	Faculty	Lead Software Engineer
https://jobs.ashbyhq.com/faculty/d27529f9-f917-4924-adb2-304cb097bfb2	Faculty	Full Stack Software Engineer
https://jobs.ashbyhq.com/faculty/20821b8b-1d11-4550-9d71-2a30ed56024e	Faculty	Senior Software Engineer
https://jobs.ashbyhq.com/faculty/6af81a14-8524-4697-b82e-f76efc8b264d	Faculty	Software Engineer
https://jobs.ashbyhq.com/faculty/f1eddd06-ca92-4ad7-ad70-4ed15e41e366	Faculty	Software Engineer
